__path__,__id__,account_protected,created_at,description,location,name,profile_image_url,public_metrics.followers_count,public_metrics.following_count,public_metrics.listed_count,public_metrics.tweet_count,twitter_created_at,twitter_id,url,username,verified
twitter_profiles/3dzhlBDYksj0xqnObrWn,3dzhlBDYksj0xqnObrWn,FALSE,2022-11-20T20:25:17.190Z,"Starting a better Twitter. Previously: Director, Area 120 @Google. Co-Founder/CEO of reMail (acquired by Google), namo media (acquired by Twitter).","Berkeley, CA",Gabor Cselle,https://pbs.twimg.com/profile_images/1587164787498135552/cH3Sds-C_normal.jpg,19553,1856,456,10070,2007-03-21T13:39:17.000Z,1746361,https://t.co/zChHlslSSQ,gabor,FALSE
twitter_profiles/3eElZEZ8pLFQcNnOUj9V,3eElZEZ8pLFQcNnOUj9V,FALSE,2022-11-20T20:29:07.738Z,"üêèSoftware Shepherd @vercel, üõ°Ô∏è@typescript enthusiast, üíö@nodejs contributor, ‚öõÔ∏è@reactjs user, ü§µhusband, ‚úùÔ∏èJesus lover. 

Add me on üêò @styfle@mstdn.io",::1,Steven ‚¨¢,https://pbs.twimg.com/profile_images/1473036236696739844/WSERCAfs_normal.jpg,3224,1770,65,5689,2008-05-17T07:29:06.000Z,14808856,https://t.co/Xf2fY46vbj,styfle,FALSE
twitter_profiles/3ezSBXaGlhdfDTZYXjtE,3ezSBXaGlhdfDTZYXjtE,FALSE,2022-11-12T17:55:27.440Z,,The Netherlands,S√©rgio Giraldo,https://pbs.twimg.com/profile_images/1543845798751965185/wpNuN4HB_normal.jpg,56,210,4,278,2007-08-15T00:48:09.000Z,8193352,https://t.co/SE71bpJd7K,Sergiorgiraldo,FALSE
twitter_profiles/3g86T0xJkXx3EsBkBXDM,3g86T0xJkXx3EsBkBXDM,FALSE,2022-11-15T01:26:49.013Z,Work hard and enjoy life!!,"California, USA",Sanjay Kapoor,https://pbs.twimg.com/profile_images/1364712433160359939/CZXB8qsY_normal.jpg,63,178,4,91,2015-06-08T16:44:25.000Z,3240116215,https://t.co/zHoROtmcwx,gettinginf0,FALSE
twitter_profiles/3gNHHyOIQMdRe7Ain9kU,3gNHHyOIQMdRe7Ain9kU,FALSE,2022-11-12T17:09:47.056Z,Award Winning Radio Presenter. (sorta) | Technical Support @ https://t.co/tp7QAzXcqj | Company Director - Somer Valley FM.,"Bath, England",Pete Helmore,https://pbs.twimg.com/profile_images/1467276333113913344/mr_xSkV8_normal.jpg,1107,666,27,23112,2009-02-22T22:53:59.000Z,21607818,,petehelmore,FALSE
twitter_profiles/3gaBGVfo9WrP2d149vSr,3gaBGVfo9WrP2d149vSr,FALSE,2022-11-15T01:19:18.290Z,"In search of balance, advocating country over party, separation of state from church, and a return to civility.",The Great Pacific Northwest,üåä In search üåä . . . üîçüëÄüòé,https://pbs.twimg.com/profile_images/1495424962038939650/y0v_D7Mv_normal.jpg,58,219,0,1822,2020-04-06T14:20:38.000Z,1247167237976240128,,MarianWiggins14,FALSE
twitter_profiles/3gcUYVczBq9JS8pi2V0Y,3gcUYVczBq9JS8pi2V0Y,FALSE,2022-11-12T17:00:35.806Z,"video games @immutable studios ‚ùÅ u52 powerlifter ‚ú∫ they/sÃ∂hÃ∂eÃ∂ ‚ùã farcasting, futureland {@}kat",+61 (03) melbourne/Naarm,langwidere.eth ‚ú∂‚ó°‚ú∂,https://pbs.twimg.com/profile_images/1577520028383350784/0voJ77Ix_normal.jpg,204,444,14,753,2021-10-29T11:36:42.000Z,1454049497416290307,https://t.co/4d1gsFIPM8,jungjohnnybravo,FALSE
twitter_profiles/3i78YUcdcOzA9GYX5yM2,3i78YUcdcOzA9GYX5yM2,FALSE,2022-11-15T01:19:19.942Z,,@atnbueno@mastodon.social,Antonio Bueno,https://pbs.twimg.com/profile_images/562747990306078720/5adH4MV8_normal.jpeg,173,532,6,1889,2009-03-09T22:49:28.000Z,23517737,https://t.co/3RYbJ3mMEv,atnbueno,FALSE
twitter_profiles/3iOzsz9IvoN2Zhf5thQd,3iOzsz9IvoN2Zhf5thQd,FALSE,2022-11-15T01:19:39.566Z,üá®üá¶üéßüç∫‚òïÔ∏è // skullboi clique // Anti-Fascist | BLM | ACAB | ‚ò≠ // √ò // üö≤ // He/Him //,The 519,.ùìêùñëùñëùñÜùñòùñôùñÜùñéùñó.,https://pbs.twimg.com/profile_images/1578917363075923970/eXjk6P6r_normal.jpg,593,1145,10,27695,2008-02-22T00:25:41.000Z,13797202,https://t.co/9Jq4R4XW9n,allastud,FALSE
twitter_profiles/3jgvWpZYn8rJvZDcF7yu,3jgvWpZYn8rJvZDcF7yu,FALSE,2022-11-15T01:19:33.354Z,"Senior Engineer, metal musician. https://t.co/AlfGJk5ZrM",Portland Oregon,Amanda Falke,https://pbs.twimg.com/profile_images/572304882908950528/q7KLgOB9_normal.jpeg,776,2033,30,7727,2009-08-29T06:00:57.000Z,69804239,https://t.co/REiz7OQNjt,amanda_machina,FALSE
twitter_profiles/3kFPcOfh8ul7pn0JfkIV,3kFPcOfh8ul7pn0JfkIV,FALSE,2022-12-08T21:49:53.945Z,"Roller Derby Official, Technologist, Video Gamer, Photographer. Professional Amateur.","minneapolis, mn",üç© spike üç©,https://pbs.twimg.com/profile_images/1415714131823546382/EsSHTRen_normal.jpg,485,775,18,21063,2007-08-02T20:19:09.000Z,7916172,https://t.co/Z8lcTOLqhM,spikenheimer,FALSE
twitter_profiles/3kuco4pbYFYuU5k6GulV,3kuco4pbYFYuU5k6GulV,FALSE,2022-12-08T21:51:34.110Z,"ü§î Chronic over-thinker & ruminator
ü§ì Programmer at @TightenCo
ü§© Founder of @larabellesPHP","Cambridge, UK",Zuzana,https://pbs.twimg.com/profile_images/1483726987843837966/LXn1PWFu_normal.jpg,3122,624,118,3718,2010-08-10T09:29:49.000Z,176742934,https://t.co/hUPYCTbRwE,zuzana_kunckova,FALSE
twitter_profiles/3lecwqOl8X1RvKBzNct7,3lecwqOl8X1RvKBzNct7,FALSE,2022-11-12T17:47:30.509Z,"Dad, husband, product / design guy. In a previous life I designed Sally‚Äôs Spa and Sally‚Äôs Salon.",Calgary,Daniel Kratt,https://pbs.twimg.com/profile_images/1479865776077107202/_SV4LYlQ_normal.jpg,239,438,17,1148,2009-07-28T14:14:42.000Z,60913856,,danielkratt,FALSE
twitter_profiles/3paJGDg4frptm731hZpF,3paJGDg4frptm731hZpF,FALSE,2022-11-15T01:27:32.652Z,19,"Barcelona, Spain",marbl,https://pbs.twimg.com/profile_images/1581592997988286464/6mcDc_ho_normal.jpg,279,510,0,12398,2018-07-04T07:13:36.000Z,1014406859040743424,https://t.co/OFsD1pvPXr,sbmarbl,FALSE
twitter_profiles/3pxqEiBnYd2yCvXfCrti,3pxqEiBnYd2yCvXfCrti,FALSE,2022-11-12T17:02:42.412Z,"Graphic & video artist, liturgist, typographer (I analyze the typeface on everything!); big EV fan; Episcopalian; CBC, NPR listener; Mac/iOS, fmr. webOS. He/him","Lake Forest, CA",Kent K. Steinbrenner,https://pbs.twimg.com/profile_images/1003154542584741888/iPVsq2j2_normal.jpg,138,454,3,11041,2010-08-17T07:53:24.000Z,179430442,,kksteinbrenner,FALSE
twitter_profiles/3q68drsN8jSIAPSlJmzG,3q68drsN8jSIAPSlJmzG,FALSE,2022-12-08T21:50:24.696Z,,,„Éû„ÉÑ„ÉÄ„Éº,https://pbs.twimg.com/profile_images/446504508785324032/AgLwUSSY_normal.jpeg,0,0,0,0,2014-03-20T04:31:36.000Z,2399025523,,KozaRiki,FALSE
twitter_profiles/3qOO8hhtCJ5FawtkqtXU,3qOO8hhtCJ5FawtkqtXU,FALSE,2022-11-12T17:32:06.073Z,"I'm a mum, I laugh at my own jokes and I work in advertising.",London,Mary Harris,https://pbs.twimg.com/profile_images/1012356729609379841/O5pPFlJZ_normal.jpg,121,624,1,266,2012-08-30T19:32:14.000Z,792243762,,Mrismary,FALSE
twitter_profiles/3r9zmqRTv1UN6T7btRxd,3r9zmqRTv1UN6T7btRxd,FALSE,2022-11-12T16:58:00.905Z,"MLE Leadership @twitter | former VP DS @Bomboradata | PhD nukee via @UCBerkeley | preserver and cherisher of the Pale Blue Dot.
(he/him)","Reno, NV",Nicholaus Halecky,https://pbs.twimg.com/profile_images/3419411654/a4c6faaac7ffdd5eb92536ab1e097189_normal.jpeg,176,143,3,566,2008-04-13T00:58:54.000Z,14372001,https://t.co/SktIQz1A1D,nehalecky,FALSE
twitter_profiles/3sC1d6BObi0F2CZAPyvA,3sC1d6BObi0F2CZAPyvA,FALSE,2022-11-12T17:31:09.555Z,,"26, Brasil",xu,https://pbs.twimg.com/profile_images/1562478384592175104/qI0Ftu5e_normal.jpg,556,208,1,13016,2014-12-26T17:26:38.000Z,2942452882,https://t.co/spIuZh68HP,Juliaferesin,FALSE
twitter_profiles/3sU9hi0vuKaRXRaxZsgg,3sU9hi0vuKaRXRaxZsgg,FALSE,2022-11-12T17:13:48.167Z,Co-founder at @_everfund | Podcast Host at @FSJamOrg.,"San Francisco, CA",Christopher Burns,https://pbs.twimg.com/profile_images/1577052828987756567/69KIJNhU_normal.jpg,428,391,45,703,2012-02-27T15:01:45.000Z,505961098,https://t.co/kTffInOiuf,Burnedchris,FALSE
twitter_profiles/3sW4Ncri07dMjSKMuC4i,3sW4Ncri07dMjSKMuC4i,FALSE,2022-11-20T20:24:53.907Z,i would like to be removed from this narrative üè≥Ô∏è‚Äçüåà he/him,"Seattle, WA",agent of change,https://pbs.twimg.com/profile_images/1582866615175352320/5s1wQKyU_normal.jpg,882,1088,14,32061,2008-05-13T12:53:46.000Z,14758195,https://t.co/WBOtj6Ui1g,AgentJSeattle,FALSE
twitter_profiles/3swRfirCC0R0E1Djv3rq,3swRfirCC0R0E1Djv3rq,FALSE,2022-11-12T17:55:12.090Z,Comms pro. Pater familias. Low-end theorist. Gadget geek. Fantasy football legend. #RollTideüêòü•ã #ForTheA #WinAsOne Tweets are mine.,"Birmingham, Ala.",Tommy Palladino,https://pbs.twimg.com/profile_images/896099737224359936/9XM0T_fU_normal.jpg,926,1592,41,4386,2008-09-24T16:22:05.000Z,16436507,https://t.co/1mo26dKLR2,palladinot,FALSE
twitter_profiles/3sxlH314LyhOeH49CuAq,3sxlH314LyhOeH49CuAq,TRUE,2022-11-15T01:17:17.559Z,I'm now very political and I'm on Biden's side & I'm friends with the lead singer of Tear Down The Sun üòÅ If you're a Trumpster you will be blocked,,Christopher Roy üåäüåä,https://pbs.twimg.com/profile_images/378800000495767094/d7eb3379f850f6bf0c1bc47fbd031097_normal.jpeg,1185,4963,7,8306,2010-08-10T18:46:28.000Z,176897712,,Cmroy92,FALSE
twitter_profiles/3t3KsIEQ7KqJfmitn3hs,3t3KsIEQ7KqJfmitn3hs,FALSE,2022-11-12T17:56:55.239Z,"Ideating since 1989. Inquisitive. 1X failure (ed-tech 2013). Product, football, ultimate frisbee. Humilty is a superpower.","India, Bangalore",Anirudh Tulasiram,https://pbs.twimg.com/profile_images/855101131831164928/muypFFhi_normal.jpg,449,493,8,1900,2009-06-09T05:36:11.000Z,45774417,https://t.co/DmmD4YtWfz,anifooty,FALSE
twitter_profiles/3u22b2QBCnHh6JDuMe0t,3u22b2QBCnHh6JDuMe0t,FALSE,2022-11-20T20:26:43.686Z,"@Columbia professor, chemical engineer, editor, mom. she/her. Atmos. chem., aerosols, air pollution, climate. üå§Ô∏èüåáüåèüë©‚Äçüî¨üíû @vfmcneill@airpollution.science","New York, NY",Faye McNeill,https://pbs.twimg.com/profile_images/1508416027117379591/gfDFbez5_normal.jpg,6057,5175,110,18759,2013-03-06T02:37:53.000Z,1245104060,https://t.co/ScqMXFkCwx,vfmcneill,FALSE
twitter_profiles/3vCn9GKuxhIBmS0fWtqO,3vCn9GKuxhIBmS0fWtqO,FALSE,2022-11-12T17:49:14.066Z,"Tinkerer @Tailscale, Xoogler, novice gardenerüçãüçäüå∫üåø , ü¶Ç hunter",üåµ,ramyfication,https://pbs.twimg.com/profile_images/981964823029149697/UNIbDEHk_normal.jpg,338,335,5,25,2013-09-22T16:08:58.000Z,1894251554,,ramyfication,FALSE
twitter_profiles/3vrLg65P0iaS4yuvzjQY,3vrLg65P0iaS4yuvzjQY,FALSE,2022-11-12T16:56:10.735Z,"International digital agency. We unite behavioral science, storytelling & tech to drive ROI. Dig digital strategy, content marketing, web design, Twin Cities.","Minneaplis, MN",Firebrand,https://pbs.twimg.com/profile_images/730469978865061888/7TUBxiKt_normal.jpg,3328,2622,165,2167,2010-03-17T01:17:11.000Z,123719746,http://t.co/hHSql0DuZS,firebrand,FALSE
twitter_profiles/3w9RIkvFRJqezGQ67FcG,3w9RIkvFRJqezGQ67FcG,FALSE,2022-11-12T17:39:50.182Z,"Business Process Advisor at SaskEnergy, proud father of an amazing 16 year old queer kid üè≥Ô∏è‚Äçüåà‚ô•Ô∏è, lover of animals, video games, music and photography.","Regina, Saskatchewan",Dan Longman,https://pbs.twimg.com/profile_images/1237609249863110662/5F6oqiHI_normal.jpg,214,638,1,2175,2007-04-02T23:42:39.000Z,3263851,,DanLongman,FALSE
twitter_profiles/3wXQlbKtgNVNmWnJJf8H,3wXQlbKtgNVNmWnJJf8H,FALSE,2022-11-20T20:27:03.418Z,,,yoonkook,https://pbs.twimg.com/profile_images/1186320911407943687/JmJyXUhc_normal.jpg,453,0,3,2,2019-10-21T16:17:00.000Z,1186315425719693312,,yoonkook,FALSE
twitter_profiles/3wYqSps0YFciSeIHYwtf,3wYqSps0YFciSeIHYwtf,FALSE,2022-11-15T01:21:30.807Z,All the kids are doing it!,"Dublin, Ireland",Paul Kelly,https://pbs.twimg.com/profile_images/1257700353593815042/ZzGQZPSI_normal.jpg,263,1639,3,2428,2009-03-13T22:45:24.000Z,24272951,,Paulkelllly,FALSE
twitter_profiles/3wnDywL3amecBDxVWRJl,3wnDywL3amecBDxVWRJl,FALSE,2022-11-12T17:54:13.127Z,Who Me? BTW Views are all mine or are retwitted but not of my employer,India,Plash Chowdhary,https://pbs.twimg.com/profile_images/378800000486411435/3a39ced6dc34cdb16bcad512586a9ebe_normal.jpeg,617,2696,12,8419,2009-11-27T05:32:19.000Z,92909973,https://t.co/PdRp4loiGH,alchemist16,FALSE
twitter_profiles/3wtYP5gFFs7jliKnP2u5,3wtYP5gFFs7jliKnP2u5,FALSE,2022-12-08T21:49:57.707Z,"former Rolling Stone, New York Magazine, Mediapost; inventing digital media for posterity","San Diego, CA",Allan Hoving,https://pbs.twimg.com/profile_images/1592899723433627654/nCuIKYwp_normal.jpg,1045,2626,50,24077,2009-04-22T21:43:31.000Z,34409466,https://t.co/B7fJFOP3eh,ahoving,FALSE
twitter_profiles/3x9Zh1DKS42cvEnw2LDE,3x9Zh1DKS42cvEnw2LDE,FALSE,2022-11-12T17:40:44.924Z,multi-hyphenate digital creator. sometimes i tweet things that make you exhale slightly harder than usual. tweetmonger. he/him. alts: @nutterbutter @wheatthins,"Los Angeles, CA",ryan j üêÄ,https://pbs.twimg.com/profile_images/1590779300348710912/fQJcg3Kw_normal.png,1739,1386,21,17124,2015-06-09T19:44:31.000Z,3315720581,https://t.co/Psm5dkEVlo,ryannoyance,FALSE
twitter_profiles/3xD9NhOlOELlcrbQFpic,3xD9NhOlOELlcrbQFpic,FALSE,2022-11-12T17:28:18.780Z,"Professor of computer science @UniStavanger, leading @iai_group. Staff research scientist @GoogleAI. Author of https://t.co/oIr1v0EdiE.","Stavanger, Norway",Krisztian Balog,https://pbs.twimg.com/profile_images/783756447922413568/0JThGHQI_normal.jpg,2252,287,76,1067,2009-11-19T19:05:05.000Z,91168371,https://t.co/YfyDBxzNK5,krisztianbalog,FALSE
twitter_profiles/3xNPD5rHuRasS7jjHF9F,3xNPD5rHuRasS7jjHF9F,TRUE,2022-11-12T17:01:49.744Z,computer user,online,rogerclark,https://pbs.twimg.com/profile_images/955634900266237953/QsYVnhXA_normal.jpg,3346,1918,66,60284,2008-03-25T22:39:53.000Z,14220415,https://t.co/FDLxxg9yff,rogerclark,FALSE
twitter_profiles/3yHtYiXKslwNxRGfwIL4,3yHtYiXKslwNxRGfwIL4,FALSE,2022-11-20T20:27:53.727Z,"Director of Product, YouTube Shopping. 
Past: Media and Entertainment (TV, Movies, Music, Books, Games) and Delight (Doodles, Easter Eggs etc.) on Google Search","Palo Alto, California",Satyajeet Salgar,https://pbs.twimg.com/profile_images/1385123130142707714/Zb3Z7heG_normal.jpg,3040,4900,136,10168,2007-03-14T04:08:32.000Z,1137491,https://t.co/uIZ6a65wvn,salgar,FALSE
twitter_profiles/3ydaw7fIp1HCHMB61URI,3ydaw7fIp1HCHMB61URI,FALSE,2022-11-12T17:26:43.431Z,Best connected person in book publishing. Award-winner. Founder of @empoweredauthor. Prev. @harpercollinsuk & @thebookseller. She/her.,London,Sam Missingham,https://pbs.twimg.com/profile_images/1434769243506200578/7vXXmAoh_normal.jpg,61680,29445,886,175257,2009-01-23T17:56:42.000Z,19404944,https://t.co/PKc6kxOAab,samatlounge,FALSE
twitter_profiles/3zY7v4unLKOMrQKeIQD0,3zY7v4unLKOMrQKeIQD0,FALSE,2022-11-15T01:20:24.220Z,spurse,"Iowa City, IA",üï∏,https://pbs.twimg.com/profile_images/1316036517006135297/P31lQk4U_normal.jpg,46,270,3,1008,2020-05-12T19:13:53.000Z,1260287051825590279,,unbearablybufff,FALSE
twitter_profiles/40DdejNLNeBImtJytQU3,40DdejNLNeBImtJytQU3,FALSE,2022-11-12T17:40:29.113Z,"graphic designer, occasional GM, designer/organizer @ Hot Gamer Collective, host of @aceattorneypod, also slowly dying - he/him","PA, USA",it's ben,https://pbs.twimg.com/profile_images/1407537765689053186/IDCJEfNa_normal.png,597,978,18,19584,2008-04-08T15:09:12.000Z,14333003,https://t.co/4xl5wyaAOk,yotsuben,FALSE
twitter_profiles/40cqD7ze8rR67pwnTIEv,40cqD7ze8rR67pwnTIEv,FALSE,2022-11-12T17:29:41.566Z,"Product Leader @Amazon (ex @hbomax, @calendly, @manifold_group, @groupon) | Loving PNW life ‚õµÔ∏è‚õ∑üë©üèªüê∂üåäüèîüå≤","Seattle, WA",Colin Jones,https://pbs.twimg.com/profile_images/1389078854468136961/u_cQR45R_normal.jpg,701,380,31,2359,2011-11-10T04:16:43.000Z,408988187,,Ctothejones,FALSE
twitter_profiles/40hVTay9RX38z8gevnUg,40hVTay9RX38z8gevnUg,TRUE,2022-11-12T17:15:30.154Z,"ah-lee-sah ‚Ä¢ sf, ca ‚Ä¢ ‚ôçÔ∏è isfj ‚Ä¢ üíô",,Alyssa,https://pbs.twimg.com/profile_images/1371576433311580160/6zwTef75_normal.jpg,157,708,4,828,2016-04-05T17:13:32.000Z,717399785595084800,https://t.co/O0SovuVQ7Y,alyssateeoh,FALSE
twitter_profiles/40tvz1OZwrhPYm2piseT,40tvz1OZwrhPYm2piseT,FALSE,2022-11-12T16:59:52.421Z,"Co-founder of @snippetconsult SEO Consultancy, @snippet_digital Software company & Content marketing tool @keywordinsights. SEO by day and SaaS by night.",Want SEO help? Try us ‚û°Ô∏è,Suganthan Mohanadasan,https://pbs.twimg.com/profile_images/1588873095921770496/HC2AuUJV_normal.jpg,12599,1992,235,18995,2017-11-05T06:34:15.000Z,927061481090355200,https://t.co/5qHGXbhazE,suganthanmn,FALSE
twitter_profiles/412D4n851SfRkV2OxSwi,412D4n851SfRkV2OxSwi,FALSE,2022-11-12T17:14:58.854Z,,Ohio,joel bundy,https://pbs.twimg.com/profile_images/1550599467795193857/pSzlPYUf_normal.jpg,106,80,1,867,2011-01-12T05:23:28.000Z,237147135,,joel_bundy,FALSE
twitter_profiles/42tWbsTlGUIA0wq0E33P,42tWbsTlGUIA0wq0E33P,FALSE,2022-11-12T18:12:06.277Z,"Gr√ºn, Mitglied des Rates der Stadt Greven, LTX, born at 321ppm
Mastodon: ckf@muenster.im",M√ºnsterland,Henning (#Mastodon: ckf@muenster.im),https://pbs.twimg.com/profile_images/1346877694932357126/t9J3Xd8Y_normal.jpg,116,438,5,12105,2008-05-16T07:26:30.000Z,14796220,,HenningB,FALSE
twitter_profiles/43AS2ptFMtEiP0LzUGEk,43AS2ptFMtEiP0LzUGEk,FALSE,2022-11-12T17:45:40.530Z,"Product Manager @ Google. Love: tech, music, sports, games, late nights, 80's action movies. Born down under. Opinions mine.","San Jose, CA",Nick Milani,https://pbs.twimg.com/profile_images/1410635218696933381/X4YizNl4_normal.jpg,1281,2329,84,3843,2014-02-28T16:34:37.000Z,2365854457,https://t.co/y0JRvJXv9U,nickmilaniau,FALSE
twitter_profiles/44HwQ6JGC26azmUN6hMc,44HwQ6JGC26azmUN6hMc,FALSE,2022-11-20T20:29:12.535Z,VP Product at @worklife_app / @RecRecParis fam. prev @starofservice / @clint_paris,Paris,Cl√©ment Falchier,https://pbs.twimg.com/profile_images/1062369888407293952/0DlUlL_B_normal.jpg,1103,678,66,19011,2009-03-13T12:59:53.000Z,24166273,https://t.co/rZnQpJEsxQ,clementfalchier,FALSE
twitter_profiles/44bqLirLnbpAroqUXwOu,44bqLirLnbpAroqUXwOu,FALSE,2022-11-12T17:46:34.083Z,,,Marji Robinson,https://pbs.twimg.com/profile_images/838796167278395392/2WckMsUL_normal.jpg,17,42,1,427,2011-05-21T01:00:30.000Z,302336888,,marjirob20,FALSE
twitter_profiles/45HJREKW5eT3geqgITnG,45HJREKW5eT3geqgITnG,FALSE,2022-11-20T20:26:07.567Z,"Java/Scala/Kotlin/Ruby/DevOps Engineer with @ThoughtWorks.  

Blogs: https://t.co/Lz9IkiZD6J   

https://t.co/Mdr2eMsKN4","Pune, India",Siddharth,https://pbs.twimg.com/profile_images/1426170440645369856/6YaycDfe_normal.jpg,337,170,22,4623,2008-05-31T17:32:40.000Z,14964695,,sid_thinketh,FALSE
twitter_profiles/45T83zOPdAbHp3Xk38v1,45T83zOPdAbHp3Xk38v1,FALSE,2022-11-20T20:28:12.068Z,"Programmer, Sports, Movies, Technology & AAPL. ""Stay hungry. Stay foolish."" #CR7 @cristiano @manutd @realmadriden","Toronto, Ontario",Kishore Josyula,https://pbs.twimg.com/profile_images/1079203314275897344/6fddGQJs_normal.jpg,244,899,0,4124,2010-05-06T09:34:37.000Z,140763715,https://t.co/Jdh75gFPtY,imkishorejm,FALSE
twitter_profiles/45UhhbhLIS9PZDkxYsuT,45UhhbhLIS9PZDkxYsuT,FALSE,2022-11-12T17:02:21.431Z,"VP of design @Onfido. Using research, data and voodoo to build beautiful things. Formerly: @facebook, @xero he/him","London, UK",Mark O,https://pbs.twimg.com/profile_images/486290163329286147/w4LiNc4s_normal.jpeg,1450,923,116,6226,2009-05-06T19:34:29.000Z,38257136,https://t.co/O6UnofUuQ9,mopland,FALSE
twitter_profiles/47cG0vRKbPuQSpjkufAk,47cG0vRKbPuQSpjkufAk,FALSE,2022-11-12T17:24:17.988Z,"Soy un mal novio, p√©simo amante, peor marido pero un excelente amigo",Puno,Silent,https://pbs.twimg.com/profile_images/441644395/silent_normal.png,443,396,25,2328,2007-02-21T20:23:28.000Z,787122,,Silent,FALSE
twitter_profiles/487ywomT5gNVdYP9yf8q,487ywomT5gNVdYP9yf8q,FALSE,2022-11-20T20:31:11.797Z,,"Atlanta, GA",jess walton,https://pbs.twimg.com/profile_images/1285606846007521280/xRpmGM42_normal.jpg,495,788,12,1379,2009-12-05T20:27:59.000Z,94862166,,jessawalt,FALSE
twitter_profiles/48LvopWJ9VoneYt5gtnf,48LvopWJ9VoneYt5gtnf,FALSE,2022-11-20T20:27:49.039Z,hello there.,Los Angeles,zoom zoom,https://pbs.twimg.com/profile_images/1593841985076441090/okQZi28o_normal.jpg,0,2,0,0,2022-11-18T03:01:20.000Z,1593438908141838338,,zoomzoom4x,FALSE
twitter_profiles/49YdpJLx6ZZvUog8bgys,49YdpJLx6ZZvUog8bgys,FALSE,2022-11-12T16:55:56.658Z,Journaliste ‚Ä¢ R√©dacteur en chef @LoopHaiti | | Ex @AlterPresse | Co-fondateur @pushhaiti | M.A chez @ESJLille x @IAELille | #Haiti #M√©dias #LoopNews,"Haiti, Port-au-Prince",Raoul Junior Lorfils,https://pbs.twimg.com/profile_images/1541899611211710469/-xfNRbYz_normal.jpg,8052,3943,23,21181,2011-11-24T00:53:39.000Z,419959207,https://t.co/cGeS7FV5MA,lorfilsraouljr,TRUE
twitter_profiles/49ZucMmPiuz9aPxSTKCh,49ZucMmPiuz9aPxSTKCh,FALSE,2022-11-20T20:27:05.489Z,,,......,https://pbs.twimg.com/profile_images/1585931739016450049/raCj2PhA_normal.jpg,120,151,4,494,2007-05-22T15:47:17.000Z,6236072,,bevsphillips,FALSE
twitter_profiles/49tcgzastsmAZaGLcD2f,49tcgzastsmAZaGLcD2f,FALSE,2022-11-12T17:12:54.239Z,engineering manager @google | @firebase | geek. people-person. husband. father. human. (not necessarily in that order),Earth,mark bouchard,https://pbs.twimg.com/profile_images/1277771948421001221/MNCWG-DY_normal.jpg,653,1117,25,1944,2010-09-20T16:59:56.000Z,192968621,https://t.co/O7TaFJtVJO,mdb,FALSE
twitter_profiles/4A7zENPJTj8SjeOv8xwL,4A7zENPJTj8SjeOv8xwL,FALSE,2022-11-12T17:44:25.211Z,swe @latecheckoutplz,Metaverse,Sakib Rasul,https://pbs.twimg.com/profile_images/517108909686157312/LrtFBKYr_normal.jpeg,308,3460,8,1369,2009-12-13T00:33:44.000Z,96450607,https://t.co/aoGrCAulpL,rhythms06,FALSE
twitter_profiles/4AhZ1qMiJzMkBsylAIHx,4AhZ1qMiJzMkBsylAIHx,FALSE,2022-11-12T17:44:53.122Z,"At constant risk of tweeting

Music at @StonyPointMusic",,Thomas May,https://pbs.twimg.com/profile_images/1263156862809264129/sT0fAplL_normal.jpg,239,489,7,565,2012-06-25T10:49:46.000Z,618073536,,Thjmay,FALSE
twitter_profiles/4CgAJNii4VVeQZZWNgxA,4CgAJNii4VVeQZZWNgxA,FALSE,2022-11-12T16:59:56.835Z,"Ya r√¢b belayƒ± a≈ük ile kƒ±l a≈üina beni
Bir dem bel√¢-yƒ± a≈üktan etme c√ºd√¢ beni
Az eyleme in√¢yetini ehli derdden
Yani ki √ßok bel√¢lara kƒ±l m√ºbtel√¢ beni","Hawaii, USA",Aslan Abdurahmanov üéóÔ∏è,https://pbs.twimg.com/profile_images/1564346657957105664/SK8GB6JB_normal.jpg,87,226,1,597,2020-02-18T01:53:44.000Z,1229584729608876032,,packetintransit,FALSE
twitter_profiles/4CvQxbR0SIo7eV4sBWLK,4CvQxbR0SIo7eV4sBWLK,FALSE,2022-11-12T17:14:28.509Z,,,Horst Prot,https://abs.twimg.com/sticky/default_profile_images/default_profile_normal.png,4,318,0,0,2020-11-12T07:06:17.000Z,1326782786284490753,,HorstProt,FALSE
twitter_profiles/4DL2GK3faQE0nfsQxSZy,4DL2GK3faQE0nfsQxSZy,TRUE,2022-12-08T21:51:17.976Z,"Blogger with a passion for real estate, travel, creative writing, social psychology, philosophy, neuroscience, friendship, hiking, biking, and guinea pigs.","Martinez, CA",Valerie A. Lee,https://pbs.twimg.com/profile_images/1419646161166561282/Yr9O3IBs_normal.jpg,70,116,12,15273,2009-07-06T19:08:26.000Z,54299847,https://t.co/lWofxp1hxy,valerie_a_lee,FALSE
twitter_profiles/4E21SpNwuL5qaVbUN75j,4E21SpNwuL5qaVbUN75j,FALSE,2022-11-12T18:09:17.049Z,"Interested in almost everything, mostly in space, skepticism, science, computers and technology",Mallorca,Pere Quod,https://pbs.twimg.com/profile_images/1342067174698082304/cwGeJbI-_normal.jpg,1,46,0,58,2019-05-09T18:08:56.000Z,1126549629124976642,,p3quod,FALSE
twitter_profiles/4E5XNAdsePHpQiTlsJVU,4E5XNAdsePHpQiTlsJVU,FALSE,2022-11-12T16:54:48.385Z,,,Luis,https://pbs.twimg.com/profile_images/1051386143156170752/5eT5QUal_normal.jpg,20,784,0,6,2008-11-09T10:31:18.000Z,17267105,,H0bbes,FALSE
twitter_profiles/4ElYp614TKfYnVYSEUTT,4ElYp614TKfYnVYSEUTT,FALSE,2022-11-20T20:29:27.418Z,Podcaster üé§| Lifelong Learner üìñ | Cautionary Optimist |  Politically Ambidextrous üëçOneNote | ‚ô•Ô∏èNotion | Daddy üë®‚Äçüë©‚Äçüëß https://t.co/dWDXL1cxRa,"Vancouver, BC",Andrew McGivern,https://pbs.twimg.com/profile_images/913488077405822976/2UtRgcj1_normal.jpg,26583,22424,388,24950,2010-01-15T19:35:36.000Z,105234548,https://t.co/SIizWuGxMc,podcasthero,FALSE
twitter_profiles/4EpA9IbArJQ6pcR4i9Ri,4EpA9IbArJQ6pcR4i9Ri,TRUE,2022-11-12T17:56:14.564Z,,,deleted account,https://abs.twimg.com/sticky/default_profile_images/default_profile_normal.png,0,1,1,0,2009-03-21T08:16:19.000Z,25654715,,deletedaccount,FALSE
twitter_profiles/4FoiGcaJlgEYBIKlcUor,4FoiGcaJlgEYBIKlcUor,FALSE,2022-11-15T01:26:33.040Z,"Awkwardly Social Software Engineer, Marketable Catastrophe. he/him/roach",‚õ∞,ü™≥‚ú®,https://pbs.twimg.com/profile_images/1521634522277703680/wkngCHAT_normal.jpg,5884,5815,126,69742,2010-12-21T02:07:47.000Z,228925627,https://t.co/Kj2NzAa83D,roach,FALSE
twitter_profiles/4GQYiVnjeJtNSuewjuEm,4GQYiVnjeJtNSuewjuEm,FALSE,2022-11-12T17:13:15.054Z,"Helped create @Twitter. Cofounder Archipelo, cofounder Developer Camp. @Swarthmore @Harvard @HPLabs @MediaLab @Adobe. Father of four. Peace.","San Francisco, CA",Dom Sagolla,https://pbs.twimg.com/profile_images/1207216360024993792/L1cMugzw_normal.jpg,34379,1181,1135,8475,2006-03-21T21:03:20.000Z,21,https://t.co/81SgFqtkpD,Dom,FALSE
twitter_profiles/4GS60pqC1dcV3AM4XmKB,4GS60pqC1dcV3AM4XmKB,FALSE,2022-11-12T17:24:49.338Z,Dozent an der @HS-Augsburg - meist privat - aber ab und an auch dienstlich,S√ºddeutschland,Michael Predeschly,https://pbs.twimg.com/profile_images/731079659983650816/b9vxqaFB_normal.jpg,158,94,18,182,2013-01-19T23:43:20.000Z,1104928110,,predeschly,FALSE
twitter_profiles/4GScmuTPy4IBZuq0sytp,4GScmuTPy4IBZuq0sytp,FALSE,2022-12-08T21:51:12.170Z,"The world's largest website for Anglophiles. Since 2007. We publish books about Britain, import British products to the USA, and celebrate Britishness.",Chicagoland,anglotopia,https://pbs.twimg.com/profile_images/1572294764799881216/cyIioX92_normal.jpg,7118,1067,236,30511,2009-06-06T15:53:38.000Z,45154446,https://t.co/sCbFhvbrdY,anglotopia,FALSE